feature,importance
pm25,17.40452881041559
aqi_change_rate,1.884112662787931
aqi_rolling_3,1.5489430952024135
aqi_lag_1,0.13884007472470464
temp,0.08954634997093654
month,0.06815472759264508
wind,0.06563116348928402
o3,0.0640576072843636
aqi_rolling_7,0.03746166169637885
dew,0.027244026097959693
pressure,0.02646770334381637
so2,0.02215750144481719
pm10,0.01883753544600752
co,0.0103839986652144
humidity,0.008743557038018844
hour,0.008133155005144471
aqi_lag_3,0.005618981837373984
cloud_cover,0.003229435362853868
is_rush_hour,0.003039503592640816
aqi_lag_2,0.002019474147933089
no2,0.0006095282030119851
day_of_week,0.0005882577113906893
day,0.0002937634466681018
is_weekend,8.882392445691254e-05
